crash_date,borough,latitude,longitude,number_of_persons_injured,contributing_factor_vehicle_1
2023-11-01T00:00:00.000,BROOKLYN,40.62179,-73.970024,1,Unspecified
2021-09-11T00:00:00.000,BROOKLYN,40.667202,-73.8665,0,Unspecified
2021-12-14T00:00:00.000,BROOKLYN,40.683304,-73.917274,0,
2021-12-14T00:00:00.000,,40.709183,-73.956825,0,Passing Too Closely
2021-12-14T00:00:00.000,BRONX,40.86816,-73.83148,2,Unspecified
2021-12-14T00:00:00.000,BROOKLYN,40.67172,-73.8971,0,Driver Inexperience
2021-12-14T00:00:00.000,MANHATTAN,40.75144,-73.97397,0,Passing Too Closely
2021-12-13T00:00:00.000,,40.701275,-73.88887,0,Passing or Lane Usage Improper
2021-12-14T00:00:00.000,QUEENS,40.675884,-73.75577,0,Turning Improperly
2021-12-14T00:00:00.000,,40.59662,-74.00231,0,Unsafe Speed
2021-12-14T00:00:00.000,QUEENS,40.66684,-73.78941,2,Reaction to Uninvolved Vehicle
2021-12-14T00:00:00.000,BROOKLYN,40.68158,-73.97463,0,Passing Too Closely
2021-12-14T00:00:00.000,BROOKLYN,40.65068,-73.95881,4,Steering Failure
2021-12-11T00:00:00.000,BRONX,40.87262,-73.904686,1,Unspecified
2021-12-14T00:00:00.000,,40.783268,-73.82485,0,Following Too Closely
2021-12-11T00:00:00.000,MANHATTAN,40.748917,-73.993546,0,Following Too Closely
2021-12-14T00:00:00.000,,40.744644,-73.77041,1,Other Vehicular
2021-12-13T00:00:00.000,QUEENS,40.75373,-73.88505,0,Unspecified
2021-12-14T00:00:00.000,,40.804375,-73.93742,1,Unspecified
2021-12-13T00:00:00.000,STATEN ISLAND,40.63165,-74.08762,1,Unspecified
2021-12-14T00:00:00.000,BROOKLYN,40.623104,-73.95809,1,Unspecified
2021-12-14T00:00:00.000,BROOKLYN,40.66576,-73.9845,0,Passing Too Closely
2021-12-14T00:00:00.000,BROOKLYN,40.687534,-73.9775,1,Unspecified
2021-12-14T00:00:00.000,BROOKLYN,40.710957,-73.951126,1,Passing or Lane Usage Improper
2021-12-14T00:00:00.000,BRONX,40.81813,-73.910126,0,Driver Inattention/Distraction
2021-12-12T00:00:00.000,QUEENS,40.70447,-73.90148,0,Passing Too Closely
2021-12-14T00:00:00.000,,40.784615,-73.953964,1,Driver Inattention/Distraction
2022-09-22T00:00:00.000,QUEENS,40.698257,-73.82632,1,Passing or Lane Usage Improper
2022-07-12T00:00:00.000,BROOKLYN,40.663303,-73.96049,0,Oversized Vehicle
2021-07-09T00:00:00.000,,40.720535,-73.88885,0,Unspecified
2022-04-24T00:00:00.000,,40.607685,-74.13892,1,Driver Inattention/Distraction
2022-04-24T00:00:00.000,,40.855972,-73.869896,0,Unspecified
2022-04-22T00:00:00.000,,40.790276,-73.9396,1,Traffic Control Disregarded
2022-04-24T00:00:00.000,BROOKLYN,40.642986,-74.01621,0,Unspecified
2022-04-24T00:00:00.000,QUEENS,0.0,0.0,0,Unsafe Lane Changing
2022-04-24T00:00:00.000,BRONX,40.843906,-73.92413,0,Alcohol Involvement
2022-04-24T00:00:00.000,BRONX,40.89481,-73.86183,0,Driver Inattention/Distraction
2022-04-15T00:00:00.000,,0.0,0.0,1,Driver Inattention/Distraction
2022-04-24T00:00:00.000,,40.85169,-73.95238,0,Unspecified
2022-04-24T00:00:00.000,BRONX,40.861862,-73.91275,0,Driver Inattention/Distraction
2022-03-08T00:00:00.000,BROOKLYN,40.666256,-73.900215,0,Unspecified
2022-04-24T00:00:00.000,MANHATTAN,40.767242,-73.986206,1,View Obstructed/Limited
2022-04-22T00:00:00.000,BROOKLYN,40.62417,-73.97048,1,Unspecified
2022-04-24T00:00:00.000,,40.679955,-73.97491,0,Turning Improperly
2022-04-24T00:00:00.000,BROOKLYN,40.692356,-73.94282,1,Traffic Control Disregarded
2022-04-20T00:00:00.000,,40.78291,-73.98578,0,Driver Inexperience
2022-04-24T00:00:00.000,,40.67308,-73.91124,0,Unspecified
2022-04-12T00:00:00.000,BROOKLYN,40.65011,-73.930214,1,Failure to Yield Right-of-Way
2022-04-24T00:00:00.000,,40.638382,-74.03668,1,Driver Inattention/Distraction
2022-04-24T00:00:00.000,QUEENS,40.69261,-73.81143,0,Aggressive Driving/Road Rage
2022-04-24T00:00:00.000,QUEENS,40.745235,-73.937706,1,Driver Inattention/Distraction
2022-04-24T00:00:00.000,QUEENS,40.758705,-73.93793,1,Driver Inattention/Distraction
2022-04-24T00:00:00.000,QUEENS,40.695156,-73.845406,0,Reaction to Uninvolved Vehicle
2022-04-07T00:00:00.000,MANHATTAN,40.748158,-73.97033,0,Driver Inattention/Distraction
2021-06-29T00:00:00.000,,40.609535,-73.75372,0,Passing or Lane Usage Improper
2021-12-09T00:00:00.000,BROOKLYN,40.59207,-73.96299,1,Driver Inattention/Distraction
2021-12-09T00:00:00.000,,40.850018,-73.9107,0,Unspecified
2021-12-09T00:00:00.000,QUEENS,40.653023,-73.73895,1,Alcohol Involvement
2021-12-06T00:00:00.000,,40.62573,-73.9564,0,Unsafe Speed
2021-12-04T00:00:00.000,BROOKLYN,40.665375,-73.934235,0,Driver Inattention/Distraction
2021-12-08T00:00:00.000,MANHATTAN,40.776237,-73.943825,0,Failure to Yield Right-of-Way
2021-12-09T00:00:00.000,BROOKLYN,40.640835,-73.98967,1,Driver Inattention/Distraction
2021-12-01T00:00:00.000,QUEENS,40.593636,-73.797264,0,Unsafe Speed
2021-12-10T00:00:00.000,QUEENS,40.674263,-73.80453,0,Passing or Lane Usage Improper
2021-12-07T00:00:00.000,,40.70476,-73.96491,0,Steering Failure
2021-12-09T00:00:00.000,,40.569626,-74.190735,0,Following Too Closely
2021-12-07T00:00:00.000,BROOKLYN,40.698463,-73.960205,0,Following Too Closely
2021-12-05T00:00:00.000,BROOKLYN,40.658413,-73.9171,0,Unspecified
2021-12-08T00:00:00.000,MANHATTAN,40.76175,-73.96899,1,Following Too Closely
2021-12-08T00:00:00.000,MANHATTAN,40.736614,-73.9951,1,Passing or Lane Usage Improper
2021-12-08T00:00:00.000,STATEN ISLAND,40.62121,-74.12385,0,Pavement Slippery
2021-12-08T00:00:00.000,,40.873737,-73.90593,0,Unspecified
2021-12-07T00:00:00.000,,40.66718,-73.95076,0,Driver Inattention/Distraction
2021-12-08T00:00:00.000,QUEENS,40.754295,-73.93946,0,View Obstructed/Limited
2021-12-08T00:00:00.000,,40.588116,-73.97261,0,Passing Too Closely
2021-12-10T00:00:00.000,BRONX,40.854935,-73.85822,0,Oversized Vehicle
2021-12-10T00:00:00.000,,40.662575,-73.93448,0,Driver Inattention/Distraction
2021-12-09T00:00:00.000,,40.7448,-73.953415,1,Unspecified
2021-12-08T00:00:00.000,,40.79672,-73.97618,0,Passing or Lane Usage Improper
2021-12-09T00:00:00.000,QUEENS,40.752777,-73.70743,0,Illnes
2021-12-09T00:00:00.000,BROOKLYN,40.638523,-73.92607,2,Traffic Control Disregarded
2022-03-26T00:00:00.000,STATEN ISLAND,40.637833,-74.08193,0,Driver Inattention/Distraction
2022-03-26T00:00:00.000,MANHATTAN,40.797836,-73.96946,1,Traffic Control Disregarded
2022-03-26T00:00:00.000,QUEENS,40.734375,-73.87342,1,Lost Consciousness
2022-03-26T00:00:00.000,QUEENS,40.699947,-73.736626,1,Following Too Closely
2022-03-21T00:00:00.000,MANHATTAN,40.75632,-73.999275,1,Following Too Closely
2022-03-26T00:00:00.000,QUEENS,40.69614,-73.81789,0,Failure to Yield Right-of-Way
2022-03-26T00:00:00.000,BROOKLYN,40.631687,-73.9205,0,Driver Inattention/Distraction
2022-03-26T00:00:00.000,BRONX,40.88839,-73.84666,2,Failure to Yield Right-of-Way
2022-03-26T00:00:00.000,BRONX,40.844425,-73.8639,0,Unspecified
2022-03-26T00:00:00.000,BRONX,40.833965,-73.8629,2,Alcohol Involvement
2022-03-26T00:00:00.000,BROOKLYN,40.705738,-73.944695,0,Driver Inattention/Distraction
2022-03-26T00:00:00.000,BROOKLYN,40.637905,-73.8878,0,Unsafe Speed
2022-03-26T00:00:00.000,BROOKLYN,40.635063,-73.94788,1,Unsafe Speed
2022-03-26T00:00:00.000,,40.804153,-73.91304,0,Unspecified
2022-03-10T00:00:00.000,BROOKLYN,40.676403,-73.96287,4,Other Vehicular
2022-03-24T00:00:00.000,BRONX,40.829777,-73.85055,1,Unspecified
2022-03-26T00:00:00.000,BROOKLYN,40.613926,-74.030174,0,Brakes Defective
2022-03-26T00:00:00.000,BROOKLYN,40.635563,-73.89577,2,Failure to Yield Right-of-Way
2022-03-26T00:00:00.000,QUEENS,40.675167,-73.825264,0,Passing Too Closely
2022-03-26T00:00:00.000,MANHATTAN,40.761486,-73.96061,0,Driver Inattention/Distraction
2022-03-26T00:00:00.000,BROOKLYN,40.712284,-73.964005,0,Passing or Lane Usage Improper
2022-02-25T00:00:00.000,QUEENS,40.70546,-73.7949,0,Following Too Closely
2022-03-26T00:00:00.000,,40.74967,-73.99531,1,Failure to Yield Right-of-Way
2022-03-26T00:00:00.000,MANHATTAN,40.833786,-73.94037,0,Driver Inattention/Distraction
2022-03-17T00:00:00.000,,40.67794,-73.8023,1,Traffic Control Disregarded
2022-03-26T00:00:00.000,BROOKLYN,40.637985,-74.0076,0,Backing Unsafely
2022-03-26T00:00:00.000,MANHATTAN,40.835037,-73.93979,1,
2022-03-25T00:00:00.000,,40.9046,-73.852936,0,Driver Inattention/Distraction
2022-03-26T00:00:00.000,QUEENS,40.742508,-73.91788,1,Driver Inattention/Distraction
2022-03-26T00:00:00.000,BROOKLYN,40.67046,-73.88788,1,Driver Inattention/Distraction
2022-03-26T00:00:00.000,MANHATTAN,40.72224,-73.9863,1,Following Too Closely
2022-03-23T00:00:00.000,,40.67639,-73.97189,1,Traffic Control Disregarded
2022-03-26T00:00:00.000,,40.88893,-73.86579,0,Following Too Closely
2022-03-25T00:00:00.000,,40.80118,-73.93975,1,Traffic Control Disregarded
2022-03-26T00:00:00.000,,40.757668,-73.95915,1,Driver Inattention/Distraction
2022-03-26T00:00:00.000,BROOKLYN,40.668896,-73.95339,0,Driver Inattention/Distraction
2022-03-25T00:00:00.000,BROOKLYN,40.63654,-73.97707,2,Unspecified
2022-03-26T00:00:00.000,BRONX,40.831055,-73.905846,1,Unspecified
2022-03-25T00:00:00.000,,40.85868,-73.89922,0,Passing Too Closely
2022-03-23T00:00:00.000,,40.62466,-74.17856,0,Driver Inattention/Distraction
2022-03-26T00:00:00.000,BROOKLYN,40.63947,-73.902756,1,Unspecified
2022-03-26T00:00:00.000,BRONX,40.86173,-73.91182,1,Unspecified
2022-03-26T00:00:00.000,BROOKLYN,40.69538,-73.985115,0,Unspecified
2022-03-26T00:00:00.000,BROOKLYN,40.63063,-74.00923,0,Unspecified
2022-03-26T00:00:00.000,BRONX,40.82707,-73.87075,0,Turning Improperly
2022-03-26T00:00:00.000,,40.60548,-73.93922,0,Unspecified
2022-03-26T00:00:00.000,BROOKLYN,40.692593,-73.91551,0,Unspecified
2022-03-26T00:00:00.000,BROOKLYN,40.680664,-73.902626,0,Driver Inattention/Distraction
2022-03-26T00:00:00.000,BROOKLYN,40.645718,-73.95002,4,Passing Too Closely
2022-03-25T00:00:00.000,,40.68327,-73.95016,0,Traffic Control Disregarded
2021-12-12T00:00:00.000,,40.84036,-73.91807,0,Unspecified
2022-03-26T00:00:00.000,BROOKLYN,40.577652,-73.96344,0,Driver Inattention/Distraction
2022-03-26T00:00:00.000,MANHATTAN,40.730145,-73.99781,1,Passenger Distraction
2022-03-26T00:00:00.000,QUEENS,40.67478,-73.806206,0,Failure to Yield Right-of-Way
2022-03-25T00:00:00.000,BROOKLYN,40.624622,-73.97598,2,Unspecified
2022-03-26T00:00:00.000,BROOKLYN,40.67271,-73.97089,0,Passing or Lane Usage Improper
2022-03-26T00:00:00.000,,40.7314,-73.926094,1,Reaction to Uninvolved Vehicle
2022-03-25T00:00:00.000,,40.632786,-74.13712,1,Failure to Yield Right-of-Way
2022-03-26T00:00:00.000,STATEN ISLAND,40.596733,-74.07045,0,Backing Unsafely
2022-03-26T00:00:00.000,BROOKLYN,40.617645,-73.92092,0,Backing Unsafely
2022-03-26T00:00:00.000,BROOKLYN,40.68651,-73.98378,2,Passing or Lane Usage Improper
2022-03-24T00:00:00.000,BROOKLYN,40.69831,-73.9498,0,Driver Inattention/Distraction
2022-03-26T00:00:00.000,,40.692455,-73.76814,1,Reaction to Uninvolved Vehicle
2022-03-20T00:00:00.000,MANHATTAN,40.778805,-73.974075,1,Backing Unsafely
2022-03-26T00:00:00.000,MANHATTAN,40.747894,-73.989174,0,Passing or Lane Usage Improper
2022-03-25T00:00:00.000,BRONX,40.83578,-73.871445,0,Following Too Closely
2022-03-25T00:00:00.000,,40.61763,-74.133575,0,Driver Inattention/Distraction
2022-03-21T00:00:00.000,,40.731407,-73.99698,1,Driver Inattention/Distraction
2022-03-26T00:00:00.000,BROOKLYN,40.60784,-73.961975,0,Fell Asleep
2022-03-25T00:00:00.000,,40.752563,-73.74328,0,Unspecified
2022-03-26T00:00:00.000,BROOKLYN,40.67848,-73.98232,0,Failure to Yield Right-of-Way
2022-03-26T00:00:00.000,BROOKLYN,40.629475,-74.004166,0,Driver Inattention/Distraction
2022-03-26T00:00:00.000,BROOKLYN,40.668797,-73.93113,1,Driver Inattention/Distraction
2022-03-26T00:00:00.000,MANHATTAN,40.754707,-73.99164,1,Failure to Yield Right-of-Way
2022-03-25T00:00:00.000,BRONX,40.85713,-73.8808,0,Driver Inattention/Distraction
2022-03-26T00:00:00.000,BRONX,40.857418,-73.89996,0,Unsafe Speed
2022-03-26T00:00:00.000,QUEENS,40.702972,-73.888054,0,Unsafe Speed
2022-03-09T00:00:00.000,,40.786366,-73.97598,1,Failure to Yield Right-of-Way
2022-03-26T00:00:00.000,BROOKLYN,40.624474,-74.00668,0,Passing or Lane Usage Improper
2022-03-26T00:00:00.000,QUEENS,40.76532,-73.771904,0,Unspecified
2022-03-26T00:00:00.000,,40.597683,-73.96686,0,Driver Inattention/Distraction
2022-03-26T00:00:00.000,STATEN ISLAND,40.609768,-74.06969,1,Traffic Control Disregarded
2022-03-25T00:00:00.000,MANHATTAN,40.798286,-73.938705,0,Following Too Closely
2022-03-23T00:00:00.000,QUEENS,40.776764,-73.848015,0,Unspecified
2022-03-26T00:00:00.000,QUEENS,40.747498,-73.91309,0,Unspecified
2022-03-26T00:00:00.000,BROOKLYN,40.701637,-73.942276,1,Following Too Closely
2022-03-26T00:00:00.000,QUEENS,40.69349,-73.826546,0,Unsafe Speed
2022-03-26T00:00:00.000,QUEENS,40.726463,-73.85943,1,Unsafe Speed
2022-03-25T00:00:00.000,BRONX,40.856434,-73.886826,1,Driver Inattention/Distraction
2022-03-22T00:00:00.000,BRONX,40.87151,-73.87057,1,Turning Improperly
2022-03-26T00:00:00.000,BROOKLYN,40.68686,-73.96758,0,Passing or Lane Usage Improper
2022-03-26T00:00:00.000,,40.624763,-73.96518,1,Alcohol Involvement
2022-03-26T00:00:00.000,QUEENS,40.678417,-73.729225,0,Passing or Lane Usage Improper
2022-03-14T00:00:00.000,QUEENS,40.692596,-73.79078,0,Unspecified
2022-03-26T00:00:00.000,,40.734486,-73.891754,0,Driver Inattention/Distraction
2022-03-26T00:00:00.000,BRONX,40.88399,-73.82641,1,Following Too Closely
2022-03-26T00:00:00.000,BROOKLYN,40.683872,-73.95998,0,Driver Inattention/Distraction
2022-03-05T00:00:00.000,MANHATTAN,40.799484,-73.92929,0,Unspecified
2022-03-26T00:00:00.000,,40.70839,-74.00482,0,Passing or Lane Usage Improper
2022-03-26T00:00:00.000,MANHATTAN,40.766502,-73.99418,0,Unspecified
2022-03-26T00:00:00.000,QUEENS,40.676304,-73.816284,0,Alcohol Involvement
2022-03-26T00:00:00.000,BROOKLYN,40.66447,-73.89593,0,Unsafe Speed
2022-03-23T00:00:00.000,,40.709835,-74.014885,0,Unsafe Speed
2022-04-24T00:00:00.000,,40.585342,-73.94157,0,Driver Inattention/Distraction
2021-09-11T00:00:00.000,MANHATTAN,40.746395,-73.9856,0,Passing or Lane Usage Improper
2021-09-10T00:00:00.000,BROOKLYN,40.617004,-73.96912,0,Unspecified
2021-09-11T00:00:00.000,MANHATTAN,40.718662,-74.00615,0,Unspecified
2021-09-09T00:00:00.000,BROOKLYN,40.680664,-73.97028,0,Backing Unsafely
2021-12-10T00:00:00.000,BROOKLYN,40.67392,-73.91012,0,Unspecified
2021-12-10T00:00:00.000,,40.806835,-73.924355,0,Other Vehicular
2021-11-27T00:00:00.000,BROOKLYN,40.627735,-73.920105,0,Unspecified
2021-12-09T00:00:00.000,,0.0,0.0,1,Traffic Control Disregarded
2021-12-08T00:00:00.000,BROOKLYN,40.661263,-73.955765,0,Unspecified
2021-12-08T00:00:00.000,,40.844883,-73.907295,0,Following Too Closely
2021-12-10T00:00:00.000,QUEENS,40.76104,-73.88162,0,Driver Inattention/Distraction
2021-12-10T00:00:00.000,,40.669777,-73.9583,1,Failure to Yield Right-of-Way
2021-12-10T00:00:00.000,BRONX,40.839443,-73.90436,0,Unsafe Lane Changing
2021-12-10T00:00:00.000,QUEENS,40.75245,-73.94507,0,Driver Inattention/Distraction
2021-12-08T00:00:00.000,BROOKLYN,40.687748,-73.980125,0,Passing Too Closely
2021-12-03T00:00:00.000,,40.87356,-73.81853,0,Unspecified
2021-12-10T00:00:00.000,BRONX,40.8176,-73.90373,1,Other Vehicular
2021-12-09T00:00:00.000,BROOKLYN,40.638428,-73.91275,0,Unspecified
2021-12-10T00:00:00.000,MANHATTAN,40.813885,-73.95211,0,Unspecified
2021-12-10T00:00:00.000,MANHATTAN,40.77733,-73.95456,0,Unsafe Speed
2021-12-10T00:00:00.000,,40.713135,-74.00407,0,Failure to Yield Right-of-Way
2021-12-09T00:00:00.000,,40.775486,-73.98217,2,Driver Inattention/Distraction
2021-12-09T00:00:00.000,BROOKLYN,40.591137,-73.97752,0,Unspecified
2021-11-24T00:00:00.000,,40.865536,-73.92728,1,Pedestrian/Bicyclist/Other Pedestrian Error/Confusion
2021-12-09T00:00:00.000,MANHATTAN,40.76551,-73.97795,1,Following Too Closely
2021-12-08T00:00:00.000,BROOKLYN,40.63311,-73.97217,0,Unspecified
2021-09-11T00:00:00.000,,40.823772,-73.87245,1,Alcohol Involvement
2021-07-09T00:00:00.000,,40.84497,-73.90247,0,Passing Too Closely
2021-09-10T00:00:00.000,,40.675507,-74.00075,0,Unspecified
2021-07-01T00:00:00.000,QUEENS,40.609535,-73.75372,0,Passing or Lane Usage Improper
2021-07-07T00:00:00.000,MANHATTAN,40.730446,-74.00431,0,Driver Inexperience
2021-09-11T00:00:00.000,QUEENS,40.721645,-73.8026,0,Unspecified
2021-07-07T00:00:00.000,,40.853477,-73.82622,0,Unspecified
2021-09-11T00:00:00.000,QUEENS,40.66901,-73.80265,0,Alcohol Involvement
2021-09-11T00:00:00.000,STATEN ISLAND,40.629475,-74.1123,1,Unspecified
2021-09-03T00:00:00.000,BROOKLYN,40.6843,-73.99724,0,Passing Too Closely
2021-07-08T00:00:00.000,,40.767612,-73.950005,0,Following Too Closely
2021-08-23T00:00:00.000,,40.80066,-73.9544,1,Driver Inattention/Distraction
2021-09-11T00:00:00.000,BRONX,40.87645,-73.848175,0,Turning Improperly
2021-09-11T00:00:00.000,QUEENS,40.737865,-73.876144,0,Passing or Lane Usage Improper
2021-09-06T00:00:00.000,,40.764103,-73.93277,1,Reaction to Uninvolved Vehicle
2021-07-08T00:00:00.000,,40.66735,-73.76994,1,Other Vehicular
2021-07-07T00:00:00.000,,40.824265,-73.95642,0,Passing Too Closely
2021-09-11T00:00:00.000,,40.702045,-73.9156,0,Backing Unsafely
2021-09-07T00:00:00.000,,40.85306,-73.931,1,Driver Inattention/Distraction
2021-09-11T00:00:00.000,MANHATTAN,0.0,0.0,0,Unspecified
2021-07-08T00:00:00.000,,40.697315,-73.932274,0,Turning Improperly
2021-09-11T00:00:00.000,,40.679344,-73.859535,0,Passing Too Closely
2021-09-11T00:00:00.000,QUEENS,40.708923,-73.81877,0,Unspecified
2021-07-08T00:00:00.000,STATEN ISLAND,40.60203,-74.09572,1,Lost Consciousness
2021-09-10T00:00:00.000,,40.693787,-73.81173,1,Unsafe Speed
2021-09-11T00:00:00.000,BRONX,40.826767,-73.888855,0,Unspecified
2021-09-09T00:00:00.000,STATEN ISLAND,40.56692,-74.116234,1,Passing or Lane Usage Improper
2021-09-11T00:00:00.000,BROOKLYN,40.623913,-74.00726,0,Driver Inattention/Distraction
2021-09-11T00:00:00.000,,40.592422,-73.99508,0,Following Too Closely
2021-09-11T00:00:00.000,BROOKLYN,40.6783,-73.88988,0,Unspecified
2021-09-10T00:00:00.000,QUEENS,40.748962,-73.89176,0,Driver Inattention/Distraction
2021-07-08T00:00:00.000,BROOKLYN,40.631508,-73.90506,0,Driver Inexperience
2021-09-11T00:00:00.000,,40.677322,-73.790955,0,Alcohol Involvement
2022-03-26T00:00:00.000,,40.57666,-73.965836,0,Following Too Closely
2021-09-11T00:00:00.000,,40.804585,-73.94782,1,Traffic Control Disregarded
2021-09-11T00:00:00.000,BRONX,40.832916,-73.92939,0,Following Too Closely
2021-09-11T00:00:00.000,QUEENS,40.722515,-73.73332,1,Unspecified
2021-09-10T00:00:00.000,QUEENS,40.692127,-73.83484,2,Failure to Yield Right-of-Way
2021-09-11T00:00:00.000,BRONX,40.807537,-73.8798,0,Traffic Control Disregarded
2021-07-06T00:00:00.000,BRONX,40.878128,-73.86944,0,Other Vehicular
2021-07-09T00:00:00.000,,40.75777,-73.854164,0,Driver Inattention/Distraction
2021-09-10T00:00:00.000,BROOKLYN,40.6569,-73.907486,0,Unspecified
2021-09-11T00:00:00.000,,40.845024,-73.92632,1,Driver Inattention/Distraction
2021-09-11T00:00:00.000,BRONX,40.817795,-73.89319,1,Unspecified
2021-07-02T00:00:00.000,,40.81915,-73.93062,1,Driver Inexperience
2021-09-06T00:00:00.000,STATEN ISLAND,40.591778,-74.12734,0,Backing Unsafely
2021-09-11T00:00:00.000,QUEENS,40.753994,-73.94244,1,Following Too Closely
2021-09-11T00:00:00.000,MANHATTAN,40.724846,-73.999,1,Passing or Lane Usage Improper
2021-07-09T00:00:00.000,,40.822933,-73.93813,0,Other Vehicular
2021-09-11T00:00:00.000,,40.680477,-73.951164,1,Driver Inattention/Distraction
2021-09-11T00:00:00.000,BROOKLYN,40.648243,-73.929,0,Backing Unsafely
2021-07-08T00:00:00.000,BROOKLYN,40.64366,-73.90067,1,Driver Inattention/Distraction
2021-07-09T00:00:00.000,,40.6843,-73.94121,0,Passing Too Closely
2021-09-02T00:00:00.000,,40.602425,-74.091354,1,Lost Consciousness
2021-09-07T00:00:00.000,BROOKLYN,40.662037,-73.95077,1,Driver Inattention/Distraction
2021-09-11T00:00:00.000,BROOKLYN,40.68164,-73.98568,0,Following Too Closely
2021-09-11T00:00:00.000,MANHATTAN,40.781315,-73.94614,0,Backing Unsafely
2021-09-11T00:00:00.000,,40.74498,-73.89325,0,Unspecified
2021-08-29T00:00:00.000,,40.6117,-74.13918,1,Driver Inattention/Distraction
2021-09-11T00:00:00.000,BROOKLYN,40.616295,-73.92991,0,Unsafe Speed
2021-09-11T00:00:00.000,QUEENS,40.78322,-73.84586,0,Failure to Yield Right-of-Way
2021-07-08T00:00:00.000,BRONX,40.87122,-73.83709,0,Driver Inattention/Distraction
2021-09-09T00:00:00.000,QUEENS,40.680077,-73.852684,0,Failure to Yield Right-of-Way
2021-07-06T00:00:00.000,BRONX,40.843384,-73.88987,0,Driver Inattention/Distraction
2021-09-11T00:00:00.000,,40.680023,-73.794624,0,Passing Too Closely
2021-07-06T00:00:00.000,BROOKLYN,40.72937,-73.955444,0,Obstruction/Debris
2021-07-05T00:00:00.000,BROOKLYN,40.683754,-73.88565,0,Driver Inexperience
2021-09-11T00:00:00.000,,40.70413,-73.76984,0,Turning Improperly
2021-09-11T00:00:00.000,BROOKLYN,40.609985,-73.96239,0,Unspecified
2021-07-09T00:00:00.000,BROOKLYN,40.673676,-73.86576,1,View Obstructed/Limited
2021-09-11T00:00:00.000,MANHATTAN,40.751442,-73.97606,1,Unspecified
2021-07-08T00:00:00.000,BRONX,40.86514,-73.801544,1,Unspecified
2021-09-11T00:00:00.000,QUEENS,40.72218,-73.84406,0,Passing or Lane Usage Improper
2021-09-11T00:00:00.000,MANHATTAN,40.797924,-73.9296,0,Unspecified
2021-09-05T00:00:00.000,,40.626373,-73.99754,0,Driver Inattention/Distraction
2021-09-11T00:00:00.000,,40.883133,-73.882095,1,Lost Consciousness
2021-09-11T00:00:00.000,BRONX,40.90222,-73.85589,0,Aggressive Driving/Road Rage
2021-09-10T00:00:00.000,QUEENS,40.72717,-73.78739,0,Backing Unsafely
2021-06-26T00:00:00.000,QUEENS,40.600792,-73.76711,0,Unspecified
2021-07-01T00:00:00.000,,40.84434,-73.91475,0,Unsafe Lane Changing
2021-04-16T00:00:00.000,BROOKLYN,40.67922,-73.90405,0,Unspecified
2021-09-11T00:00:00.000,MANHATTAN,40.802982,-73.93815,0,Driver Inattention/Distraction
2021-07-04T00:00:00.000,BROOKLYN,40.731544,-73.955315,1,Driver Inattention/Distraction
2021-09-11T00:00:00.000,QUEENS,40.683323,-73.80648,1,Unsafe Speed
2021-07-04T00:00:00.000,BROOKLYN,40.732006,-73.95795,1,Alcohol Involvement
2021-09-11T00:00:00.000,BROOKLYN,40.6544,-73.92044,1,Failure to Yield Right-of-Way
2021-07-02T00:00:00.000,QUEENS,40.589592,-73.786385,0,Unsafe Speed
2021-09-11T00:00:00.000,,40.736164,-73.97891,0,Traffic Control Disregarded
2021-07-03T00:00:00.000,QUEENS,40.59723,-73.76237,1,Failure to Yield Right-of-Way
2021-09-11T00:00:00.000,BROOKLYN,40.67393,-73.999954,2,Driver Inattention/Distraction
2021-09-11T00:00:00.000,,40.840153,-73.88572,0,Unsafe Speed
2021-09-11T00:00:00.000,,40.599503,-74.067116,0,Unspecified
2021-07-04T00:00:00.000,BRONX,40.822456,-73.868065,0,Unspecified
2021-09-11T00:00:00.000,BROOKLYN,40.59841,-73.97592,0,Driver Inattention/Distraction
2021-09-11T00:00:00.000,QUEENS,40.697083,-73.85476,0,Passing Too Closely
2021-07-08T00:00:00.000,BRONX,40.896385,-73.87246,0,Turning Improperly
2021-08-11T00:00:00.000,,40.695637,-73.80372,0,Unsafe Speed
2021-09-11T00:00:00.000,,40.69982,-73.996254,0,Passing Too Closely
2021-09-11T00:00:00.000,,40.590313,-74.09794,0,Passing or Lane Usage Improper
2021-09-11T00:00:00.000,,40.787544,-73.82394,0,Failure to Yield Right-of-Way
2021-09-11T00:00:00.000,BROOKLYN,40.67539,-73.88113,0,Driver Inattention/Distraction
2021-09-07T00:00:00.000,STATEN ISLAND,40.634007,-74.07516,1,Driver Inattention/Distraction
2021-09-11T00:00:00.000,QUEENS,40.73844,-73.88628,0,Backing Unsafely
2021-07-08T00:00:00.000,,40.60855,-74.13216,2,Driver Inattention/Distraction
2021-09-11T00:00:00.000,,40.58573,-74.16865,0,Driver Inattention/Distraction
2021-09-11T00:00:00.000,BROOKLYN,40.599907,-73.94664,1,Unspecified
2021-07-08T00:00:00.000,MANHATTAN,40.806713,-73.93782,0,Driver Inexperience
2021-09-07T00:00:00.000,QUEENS,40.748318,-73.87742,1,Driver Inattention/Distraction
2021-07-05T00:00:00.000,QUEENS,40.68651,-73.76815,0,Other Vehicular
2021-09-10T00:00:00.000,,40.624203,-74.177124,0,Passing or Lane Usage Improper
2021-07-06T00:00:00.000,,40.744526,-73.77161,2,Driver Inattention/Distraction
2021-07-01T00:00:00.000,,40.576965,-74.16974,0,Driver Inattention/Distraction
2021-07-07T00:00:00.000,BRONX,40.8502,-73.8302,1,Following Too Closely
2021-09-08T00:00:00.000,MANHATTAN,40.715477,-73.998085,0,Driver Inattention/Distraction
2021-09-11T00:00:00.000,BROOKLYN,40.611477,-73.94883,1,Unspecified
2021-07-08T00:00:00.000,,40.681515,-73.90412,1,Passing or Lane Usage Improper
2021-09-11T00:00:00.000,BROOKLYN,40.61578,-73.99995,0,Driver Inattention/Distraction
2021-09-08T00:00:00.000,MANHATTAN,40.82207,-73.94993,1,Driver Inattention/Distraction
2021-09-11T00:00:00.000,QUEENS,40.74606,-73.85583,0,Unspecified
2021-09-09T00:00:00.000,QUEENS,40.72013,-73.79038,1,Unspecified
2021-07-07T00:00:00.000,QUEENS,40.688435,-73.78765,1,Driver Inattention/Distraction
2021-09-11T00:00:00.000,BRONX,40.84964,-73.89661,2,Failure to Yield Right-of-Way
2021-09-09T00:00:00.000,QUEENS,40.68329,-73.85491,0,Driver Inexperience
2021-09-08T00:00:00.000,MANHATTAN,40.812912,-73.95364,0,Driver Inexperience
2021-09-11T00:00:00.000,QUEENS,40.6639,-73.7804,0,Passing or Lane Usage Improper
2021-07-05T00:00:00.000,QUEENS,40.59312,-73.772705,0,Driver Inexperience
2021-06-29T00:00:00.000,,40.596687,-73.74422,0,Following Too Closely
2021-07-08T00:00:00.000,,40.673107,-73.99959,0,Unsafe Lane Changing
2021-07-09T00:00:00.000,BROOKLYN,40.63874,-73.8952,1,Tinted Windows
2021-09-11T00:00:00.000,QUEENS,40.675255,-73.73207,0,Driver Inattention/Distraction
2021-09-11T00:00:00.000,BRONX,40.846313,-73.92385,0,Passing Too Closely
2021-09-11T00:00:00.000,BROOKLYN,40.608364,-73.95727,1,Driver Inattention/Distraction
2021-07-08T00:00:00.000,BROOKLYN,40.682724,-73.88539,0,Driver Inattention/Distraction
2021-09-11T00:00:00.000,BRONX,40.80789,-73.852844,0,Aggressive Driving/Road Rage
2021-09-10T00:00:00.000,,40.607754,-74.13205,1,Failure to Yield Right-of-Way
2021-09-10T00:00:00.000,,40.708324,-73.84314,1,Following Too Closely
2021-09-10T00:00:00.000,MANHATTAN,40.79194,-73.95281,1,Unspecified
2021-07-08T00:00:00.000,MANHATTAN,40.718792,-73.98902,1,Driver Inattention/Distraction
2021-09-11T00:00:00.000,,40.86463,-73.892136,0,Driver Inattention/Distraction
2021-09-11T00:00:00.000,BROOKLYN,40.67856,-73.889015,0,Fell Asleep
2021-09-11T00:00:00.000,,40.721474,-73.98383,0,Passing Too Closely
2021-09-11T00:00:00.000,MANHATTAN,40.79184,-73.93556,0,Unspecified
2021-09-11T00:00:00.000,,40.78076,-73.825424,0,Passing or Lane Usage Improper
2021-09-11T00:00:00.000,,40.7359,-73.91338,0,Driver Inattention/Distraction
2021-09-10T00:00:00.000,MANHATTAN,40.710697,-73.984634,1,Unspecified
2021-09-10T00:00:00.000,,40.760777,-73.95702,1,Following Too Closely
2021-06-26T00:00:00.000,BRONX,40.81358,-73.89385,0,Unspecified
2021-09-11T00:00:00.000,,40.575302,-73.98453,1,Passing or Lane Usage Improper
2021-09-10T00:00:00.000,BROOKLYN,40.66843,-73.91919,0,Driver Inattention/Distraction
2021-09-11T00:00:00.000,,40.81701,-73.9595,0,Unspecified
2021-07-08T00:00:00.000,BRONX,40.85755,-73.882835,0,Backing Unsafely
2021-09-02T00:00:00.000,,40.89711,-73.88008,0,Unspecified
2021-09-11T00:00:00.000,,40.685795,-73.911644,0,Following Too Closely
2021-09-07T00:00:00.000,,40.69305,-73.799446,0,Driver Inattention/Distraction
2021-06-25T00:00:00.000,QUEENS,40.609535,-73.75372,0,Unspecified
2021-07-08T00:00:00.000,,40.720627,-74.00522,0,Unsafe Lane Changing
2021-07-04T00:00:00.000,QUEENS,40.763496,-73.87814,1,Unspecified
2021-07-08T00:00:00.000,QUEENS,40.686646,-73.849075,1,Unsafe Speed
2021-09-11T00:00:00.000,BROOKLYN,40.579445,-73.9544,0,Driver Inattention/Distraction
2021-09-10T00:00:00.000,MANHATTAN,40.762966,-73.973976,0,Driver Inattention/Distraction
2021-09-11T00:00:00.000,,40.76555,-73.83911,3,Driver Inexperience
2021-09-10T00:00:00.000,MANHATTAN,40.779602,-73.95553,0,Backing Unsafely
2021-09-11T00:00:00.000,STATEN ISLAND,40.553192,-74.164345,0,Unsafe Speed
2021-09-11T00:00:00.000,BRONX,40.836094,-73.883995,0,Failure to Yield Right-of-Way
2021-07-08T00:00:00.000,BROOKLYN,40.59692,-73.94122,0,Unspecified
2021-09-11T00:00:00.000,BROOKLYN,40.62318,-73.98611,0,Unspecified
2021-09-11T00:00:00.000,BROOKLYN,40.67562,-73.88826,0,Unspecified
2021-09-07T00:00:00.000,MANHATTAN,40.80609,-73.95414,0,Unsafe Speed
2021-09-10T00:00:00.000,BRONX,40.87739,-73.8665,1,Unsafe Lane Changing
2021-09-11T00:00:00.000,,40.689133,-73.951324,0,Driver Inattention/Distraction
2021-06-30T00:00:00.000,BRONX,40.83604,-73.92222,0,Passing or Lane Usage Improper
2021-09-10T00:00:00.000,MANHATTAN,40.76649,-73.95696,0,Driver Inattention/Distraction
2021-07-08T00:00:00.000,BROOKLYN,40.731613,-73.9545,1,Pedestrian/Bicyclist/Other Pedestrian Error/Confusion
2021-09-11T00:00:00.000,MANHATTAN,40.708324,-74.00311,0,Driver Inattention/Distraction
2021-09-11T00:00:00.000,BROOKLYN,40.65375,-73.931274,0,Unsafe Speed
2021-07-01T00:00:00.000,QUEENS,40.60675,-73.756645,0,Passing Too Closely
2022-03-25T00:00:00.000,QUEENS,40.743534,-73.93951,0,Driver Inattention/Distraction
2021-09-01T00:00:00.000,QUEENS,40.678364,-73.77949,1,Failure to Yield Right-of-Way
2021-09-10T00:00:00.000,MANHATTAN,40.724274,-74.01136,1,Driver Inattention/Distraction
2021-09-11T00:00:00.000,MANHATTAN,40.8188,-73.956024,0,Driver Inexperience
2021-09-10T00:00:00.000,QUEENS,40.69558,-73.788704,0,Driver Inattention/Distraction
2021-09-11T00:00:00.000,,40.80484,-73.912796,0,Unspecified
2021-09-11T00:00:00.000,BROOKLYN,40.658466,-73.96049,0,Driver Inattention/Distraction
2021-09-11T00:00:00.000,BRONX,40.868164,-73.90054,1,Driver Inattention/Distraction
2021-09-11T00:00:00.000,BROOKLYN,40.66169,-73.96143,2,Driver Inexperience
2021-07-09T00:00:00.000,BRONX,40.87037,-73.87052,1,Driver Inattention/Distraction
2021-09-05T00:00:00.000,QUEENS,40.69674,-73.76292,5,Unspecified
2021-09-11T00:00:00.000,BROOKLYN,40.65958,-73.89247,0,Driver Inattention/Distraction
2021-09-11T00:00:00.000,,40.83232,-73.87395,3,Unsafe Speed
2021-09-11T00:00:00.000,QUEENS,40.708534,-73.914925,0,Unspecified
2021-07-08T00:00:00.000,QUEENS,40.777496,-73.90784,0,Unspecified
2021-07-02T00:00:00.000,,40.83406,-73.944885,1,Driver Inattention/Distraction
2021-09-11T00:00:00.000,QUEENS,40.66615,-73.80575,1,Following Too Closely
2021-07-08T00:00:00.000,MANHATTAN,40.82324,-73.938835,0,Passing Too Closely
2021-07-09T00:00:00.000,QUEENS,40.6974,-73.80952,0,Failure to Yield Right-of-Way
2021-07-09T00:00:00.000,QUEENS,40.67897,-73.75985,0,Traffic Control Disregarded
2021-09-11T00:00:00.000,STATEN ISLAND,40.590313,-74.09794,0,Animals Action
2021-07-09T00:00:00.000,BROOKLYN,40.654343,-73.864204,0,Passing Too Closely
2021-09-11T00:00:00.000,STATEN ISLAND,40.62782,-74.12126,0,Driver Inattention/Distraction
2021-09-10T00:00:00.000,,40.592037,-74.15436,2,Driver Inattention/Distraction
2021-09-08T00:00:00.000,,40.79293,-73.950005,1,Pedestrian/Bicyclist/Other Pedestrian Error/Confusion
2021-09-11T00:00:00.000,,40.8452,-73.916885,1,Reaction to Uninvolved Vehicle
2021-09-11T00:00:00.000,QUEENS,40.72609,-73.830154,0,Driver Inattention/Distraction
2021-09-11T00:00:00.000,MANHATTAN,40.76092,-73.96704,0,Driver Inattention/Distraction
2019-05-21T00:00:00.000,BROOKLYN,40.69754,-73.98312,0,Passing or Lane Usage Improper
2021-02-26T00:00:00.000,BRONX,40.843464,-73.836,0,Unspecified
2021-03-09T00:00:00.000,,40.692547,-73.990974,1,Following Too Closely
2021-03-31T00:00:00.000,BROOKLYN,40.626457,-73.918,1,Driver Inexperience
2021-04-06T00:00:00.000,STATEN ISLAND,40.526894,-74.16728,7,Failure to Yield Right-of-Way
2021-04-09T00:00:00.000,,40.840775,-73.87246,1,Driver Inattention/Distraction
2021-04-14T00:00:00.000,,40.694035,-73.72679,1,Brakes Defective
2021-04-15T00:00:00.000,BRONX,40.857365,-73.84657,0,Following Too Closely
2021-04-14T00:00:00.000,,40.698807,-73.91837,0,Passing Too Closely
2021-04-14T00:00:00.000,QUEENS,40.71402,-73.74827,0,Turning Improperly
2021-04-16T00:00:00.000,BRONX,40.815,-73.89402,0,Unspecified
2021-04-16T00:00:00.000,,40.55079,-74.20098,0,Driver Inexperience
2021-04-15T00:00:00.000,BROOKLYN,40.655903,-73.89817,0,Unspecified
2021-04-16T00:00:00.000,BRONX,40.890076,-73.819855,2,Unsafe Speed
2021-04-15T00:00:00.000,BROOKLYN,40.650402,-73.89422,1,Following Too Closely
2021-04-16T00:00:00.000,MANHATTAN,40.79335,-73.97275,0,Backing Unsafely
2021-04-16T00:00:00.000,MANHATTAN,40.72538,-74.00011,0,Driver Inattention/Distraction
2021-04-15T00:00:00.000,QUEENS,40.75184,-73.90358,0,Driver Inattention/Distraction
2021-09-11T00:00:00.000,,40.755516,-73.961105,2,Unsafe Speed
2021-04-16T00:00:00.000,BROOKLYN,40.649788,-73.9622,3,Unspecified
2021-04-16T00:00:00.000,BROOKLYN,40.686928,-73.920815,0,Driver Inattention/Distraction
2021-04-14T00:00:00.000,BROOKLYN,40.712963,-73.93647,0,Passing or Lane Usage Improper
2021-06-30T00:00:00.000,QUEENS,40.694294,-73.74868,0,Passing Too Closely
2021-04-14T00:00:00.000,,40.801285,-73.95394,0,Driver Inattention/Distraction
2021-04-14T00:00:00.000,BROOKLYN,40.633976,-74.02211,1,Passing Too Closely
2021-04-15T00:00:00.000,,40.670296,-73.997604,0,Unspecified
2021-04-16T00:00:00.000,,40.66423,-73.919106,0,View Obstructed/Limited
2021-04-14T00:00:00.000,BRONX,40.817696,-73.922615,0,Steering Failure
2021-04-13T00:00:00.000,BROOKLYN,40.668495,-73.925606,1,Failure to Yield Right-of-Way
2021-04-13T00:00:00.000,QUEENS,40.662476,-73.768326,0,Unspecified
2021-04-15T00:00:00.000,BRONX,40.841087,-73.86447,0,Traffic Control Disregarded
2021-04-15T00:00:00.000,BROOKLYN,40.70955,-73.95887,0,Unspecified
2021-04-15T00:00:00.000,,40.733376,-73.86665,1,Passing or Lane Usage Improper
2021-04-14T00:00:00.000,BROOKLYN,40.700356,-73.95732,1,Drugs (illegal)
2021-04-14T00:00:00.000,,40.83801,-73.87329,0,Other Vehicular
2021-04-16T00:00:00.000,,40.66584,-73.75551,0,Reaction to Uninvolved Vehicle
2021-04-15T00:00:00.000,,40.761436,-73.76995,1,Driver Inattention/Distraction
2021-04-16T00:00:00.000,QUEENS,40.74958,-73.86541,1,Turning Improperly
2021-04-16T00:00:00.000,QUEENS,40.73197,-73.78651,5,Traffic Control Disregarded
2021-04-16T00:00:00.000,,40.76249,-73.839584,0,Unspecified
2021-04-16T00:00:00.000,,40.668507,-73.779625,0,Unspecified
2021-04-15T00:00:00.000,BROOKLYN,40.638268,-73.93187,0,Unspecified
2021-04-12T00:00:00.000,BROOKLYN,40.696735,-73.93481,1,Unspecified
2021-04-14T00:00:00.000,,40.870823,-73.8721,0,Aggressive Driving/Road Rage
2021-04-14T00:00:00.000,,40.574867,-74.00069,0,Driver Inattention/Distraction
2021-04-14T00:00:00.000,,40.866577,-73.8722,3,Unsafe Speed
2021-04-16T00:00:00.000,QUEENS,40.775414,-73.91984,1,Following Too Closely
2021-04-15T00:00:00.000,BRONX,40.84744,-73.89968,1,Driver Inattention/Distraction
2021-04-14T00:00:00.000,STATEN ISLAND,40.542908,-74.15579,2,Failure to Yield Right-of-Way
2021-04-14T00:00:00.000,,40.78468,-73.80911,0,Passing Too Closely
2021-04-15T00:00:00.000,BROOKLYN,40.632416,-73.94724,1,Driver Inattention/Distraction
2021-04-15T00:00:00.000,BROOKLYN,40.714207,-73.92817,1,Driver Inattention/Distraction
2021-04-16T00:00:00.000,QUEENS,40.727913,-73.873245,1,Failure to Yield Right-of-Way
2021-04-15T00:00:00.000,BRONX,40.854485,-73.854645,0,Turning Improperly
2021-04-13T00:00:00.000,BROOKLYN,40.698986,-73.91671,0,Driver Inattention/Distraction
2021-04-16T00:00:00.000,MANHATTAN,40.841717,-73.94435,0,Driver Inattention/Distraction
2021-04-15T00:00:00.000,BRONX,40.861687,-73.82435,0,Unspecified
2021-04-16T00:00:00.000,BROOKLYN,40.691822,-73.92223,0,Reaction to Uninvolved Vehicle
2021-04-10T00:00:00.000,BRONX,40.856014,-73.91213,0,Unspecified
2021-04-14T00:00:00.000,,40.83383,-73.921234,0,Reaction to Uninvolved Vehicle
2021-04-09T00:00:00.000,,40.68781,-73.9237,0,Backing Unsafely
2021-04-14T00:00:00.000,BROOKLYN,40.642044,-73.98124,0,Unspecified
2021-04-16T00:00:00.000,QUEENS,40.69814,-73.89111,0,Unsafe Speed
2021-04-14T00:00:00.000,BROOKLYN,40.64664,-73.9246,2,Driver Inattention/Distraction
2021-09-11T00:00:00.000,QUEENS,40.703217,-73.73427,0,Unspecified
2021-04-16T00:00:00.000,,40.680897,-73.95118,0,Driver Inattention/Distraction
2021-04-15T00:00:00.000,MANHATTAN,40.760822,-73.99832,1,Failure to Yield Right-of-Way
2021-04-14T00:00:00.000,MANHATTAN,40.74608,-73.974945,0,Unspecified
2021-04-16T00:00:00.000,BROOKLYN,40.626293,-74.01572,0,Driver Inexperience
2021-04-15T00:00:00.000,MANHATTAN,40.767967,-73.96822,0,Driver Inattention/Distraction
2021-04-15T00:00:00.000,BROOKLYN,40.673634,-73.89294,0,Driver Inattention/Distraction
2021-04-15T00:00:00.000,BROOKLYN,40.579212,-73.976265,0,Following Too Closely
2021-04-16T00:00:00.000,STATEN ISLAND,40.57365,-74.11252,0,Failure to Yield Right-of-Way
2021-04-14T00:00:00.000,,40.73632,-73.85631,0,Following Too Closely
2021-04-14T00:00:00.000,BROOKLYN,40.619396,-73.969574,0,Unspecified
2021-04-16T00:00:00.000,,40.820263,-73.92976,0,Unspecified
2021-04-14T00:00:00.000,,40.601864,-74.00232,1,Failure to Yield Right-of-Way
2021-04-15T00:00:00.000,,40.810318,-73.943634,0,Driver Inattention/Distraction
2021-04-14T00:00:00.000,,40.666306,-73.79171,1,Driver Inattention/Distraction
2021-04-16T00:00:00.000,BROOKLYN,40.708805,-73.92577,0,Failure to Yield Right-of-Way
2021-04-14T00:00:00.000,BRONX,40.826424,-73.85868,0,Failure to Yield Right-of-Way
2021-04-13T00:00:00.000,,40.63174,-73.96793,0,Unspecified
2021-04-15T00:00:00.000,,0.0,0.0,0,Backing Unsafely
2021-04-16T00:00:00.000,BROOKLYN,40.727146,-73.954735,0,Passing Too Closely
2021-04-11T00:00:00.000,,40.67253,-73.798386,0,Driver Inattention/Distraction
2021-04-16T00:00:00.000,QUEENS,40.702335,-73.89073,0,Driver Inattention/Distraction
2021-04-14T00:00:00.000,BROOKLYN,40.587894,-73.95504,0,Driver Inattention/Distraction
2021-04-16T00:00:00.000,BROOKLYN,40.65047,-73.917366,0,Driver Inattention/Distraction
2021-04-16T00:00:00.000,MANHATTAN,40.836555,-73.94306,1,Failure to Yield Right-of-Way
2021-04-13T00:00:00.000,BRONX,40.870056,-73.83222,0,Unspecified
2021-04-15T00:00:00.000,,40.579372,-74.16948,0,Passing or Lane Usage Improper
2021-04-01T00:00:00.000,MANHATTAN,40.805138,-73.945244,0,Reaction to Uninvolved Vehicle
2021-04-15T00:00:00.000,BRONX,40.85968,-73.90427,0,Passing Too Closely
2021-04-15T00:00:00.000,,40.605595,-73.98404,0,Driver Inattention/Distraction
2021-04-15T00:00:00.000,BRONX,40.819214,-73.84662,0,Steering Failure
2021-04-16T00:00:00.000,BRONX,40.827972,-73.88707,0,Unspecified
2021-04-16T00:00:00.000,,40.66496,-73.82226,0,Fell Asleep
2021-04-14T00:00:00.000,,40.719177,-73.79223,0,Driver Inattention/Distraction
2021-04-14T00:00:00.000,MANHATTAN,40.748825,-73.96984,1,Driver Inattention/Distraction
2021-04-16T00:00:00.000,QUEENS,40.733597,-73.91062,0,Driver Inattention/Distraction
2021-04-14T00:00:00.000,STATEN ISLAND,40.54048,-74.153404,0,View Obstructed/Limited
2021-04-14T00:00:00.000,,40.738403,-73.93864,0,Driver Inattention/Distraction
2021-04-15T00:00:00.000,,40.68039,-73.94956,1,Driver Inattention/Distraction
2021-04-14T00:00:00.000,BRONX,40.817627,-73.92366,0,Backing Unsafely
2021-04-15T00:00:00.000,MANHATTAN,40.751446,-74.001434,2,Failure to Yield Right-of-Way
2021-09-11T00:00:00.000,BRONX,40.86418,-73.90119,1,Unspecified
2021-04-15T00:00:00.000,MANHATTAN,40.76161,-73.97076,0,Driver Inexperience
2021-04-15T00:00:00.000,BROOKLYN,40.689648,-73.9184,0,Unspecified
2021-04-14T00:00:00.000,QUEENS,40.741634,-73.88266,1,Driver Inattention/Distraction
2021-04-15T00:00:00.000,BROOKLYN,40.596977,-73.97324,0,Unspecified
2021-04-16T00:00:00.000,BROOKLYN,40.63864,-74.02245,0,Unspecified
2021-04-14T00:00:00.000,STATEN ISLAND,40.565254,-74.1301,0,Unspecified
2021-04-14T00:00:00.000,BROOKLYN,40.655895,-73.898224,0,Unspecified
2021-04-14T00:00:00.000,BROOKLYN,40.68821,-73.96583,0,Pedestrian/Bicyclist/Other Pedestrian Error/Confusion
2021-04-15T00:00:00.000,MANHATTAN,40.71649,-73.98484,0,Unspecified
2021-04-16T00:00:00.000,BRONX,40.876785,-73.87446,0,Passing Too Closely
2021-04-16T00:00:00.000,BRONX,40.86367,-73.86741,0,Alcohol Involvement
2021-04-14T00:00:00.000,BRONX,40.835827,-73.89068,0,Driver Inexperience
2021-04-15T00:00:00.000,MANHATTAN,40.793396,-73.94043,0,Unspecified
2021-04-14T00:00:00.000,BRONX,40.84827,-73.88312,0,Failure to Yield Right-of-Way
2021-04-14T00:00:00.000,,40.656273,-73.90731,1,Driver Inexperience
2021-04-16T00:00:00.000,BROOKLYN,40.693462,-73.965485,1,Driver Inattention/Distraction
2021-04-15T00:00:00.000,BROOKLYN,40.66725,-73.88799,1,Unspecified
2021-04-13T00:00:00.000,BRONX,40.844105,-73.923065,1,Pedestrian/Bicyclist/Other Pedestrian Error/Confusion
2021-04-16T00:00:00.000,BROOKLYN,40.651707,-73.93121,0,Backing Unsafely
2021-04-15T00:00:00.000,QUEENS,40.680496,-73.821365,1,Failure to Yield Right-of-Way
2021-04-15T00:00:00.000,BRONX,40.834415,-73.92854,0,View Obstructed/Limited
2021-04-15T00:00:00.000,QUEENS,40.7357,-73.90377,0,Driver Inattention/Distraction
2021-04-15T00:00:00.000,,40.771038,-73.83413,0,Passing or Lane Usage Improper
2021-04-14T00:00:00.000,BROOKLYN,40.69484,-73.98391,1,Driver Inattention/Distraction
2021-04-14T00:00:00.000,MANHATTAN,40.785774,-73.97052,2,Passing or Lane Usage Improper
2021-04-14T00:00:00.000,QUEENS,40.733017,-73.8852,0,Driver Inattention/Distraction
2021-04-16T00:00:00.000,,40.709023,-73.757835,0,Traffic Control Disregarded
2021-04-14T00:00:00.000,,40.692886,-73.832184,2,Failure to Yield Right-of-Way
2021-04-15T00:00:00.000,BROOKLYN,40.620487,-74.029305,0,Driver Inattention/Distraction
2021-04-14T00:00:00.000,BROOKLYN,40.618595,-73.99847,0,Driver Inattention/Distraction
2021-04-14T00:00:00.000,MANHATTAN,40.803787,-73.953896,1,Unspecified
2021-04-15T00:00:00.000,BRONX,40.82319,-73.889496,0,Passing or Lane Usage Improper
2021-04-14T00:00:00.000,,40.680088,-73.94398,1,Driver Inattention/Distraction
2021-04-14T00:00:00.000,BRONX,40.827927,-73.90094,0,Unspecified
2021-07-08T00:00:00.000,,40.65342,-73.88898,0,Other Vehicular
2021-04-14T00:00:00.000,BROOKLYN,40.66895,-73.9339,0,Driver Inattention/Distraction
2021-04-15T00:00:00.000,,40.879055,-73.87439,0,Turning Improperly
2021-04-14T00:00:00.000,,40.67043,-73.928185,1,Unsafe Speed
2021-04-16T00:00:00.000,BRONX,40.875874,-73.84989,3,Unspecified
2021-04-13T00:00:00.000,,40.675037,-73.930534,0,Following Too Closely
2021-04-16T00:00:00.000,,40.767582,-73.9109,1,Failure to Yield Right-of-Way
2021-04-14T00:00:00.000,MANHATTAN,40.734352,-74.00849,0,Backing Unsafely
2021-04-16T00:00:00.000,BROOKLYN,40.63083,-73.90736,2,Driver Inexperience
2021-04-14T00:00:00.000,BROOKLYN,40.63532,-73.95033,0,Driver Inattention/Distraction
2021-04-13T00:00:00.000,BROOKLYN,40.714073,-73.95087,0,Driver Inattention/Distraction
2021-04-14T00:00:00.000,BROOKLYN,40.702194,-73.93587,0,Passing or Lane Usage Improper
2021-04-14T00:00:00.000,MANHATTAN,40.764362,-73.96162,1,Driver Inattention/Distraction
2021-04-12T00:00:00.000,,40.69496,-73.946236,0,Passing or Lane Usage Improper
2021-04-16T00:00:00.000,,40.79656,-73.97226,0,Unspecified
2021-04-14T00:00:00.000,BRONX,40.805016,-73.92109,0,Unspecified
2021-04-14T00:00:00.000,QUEENS,40.66406,-73.73846,2,Unspecified
2021-04-13T00:00:00.000,MANHATTAN,40.7963,-73.93829,0,Turning Improperly
2021-04-14T00:00:00.000,QUEENS,40.66563,-73.73921,1,Traffic Control Disregarded
2021-04-15T00:00:00.000,QUEENS,40.680477,-73.7921,0,Driver Inattention/Distraction
2021-04-16T00:00:00.000,,40.737785,-73.93496,1,Following Too Closely
2021-04-16T00:00:00.000,MANHATTAN,40.778606,-73.98163,1,Backing Unsafely
2021-04-16T00:00:00.000,QUEENS,40.75868,-73.87552,1,Unsafe Speed
2021-04-14T00:00:00.000,,40.856045,-73.90079,0,Following Too Closely
2021-04-14T00:00:00.000,BRONX,40.880257,-73.843864,0,Passing Too Closely
2021-04-15T00:00:00.000,QUEENS,40.60677,-73.759575,0,Passing or Lane Usage Improper
2021-04-16T00:00:00.000,,40.695683,-73.741875,0,Unspecified
2021-04-16T00:00:00.000,,40.667236,-73.770004,0,Passing or Lane Usage Improper
2021-04-14T00:00:00.000,BRONX,40.8351,-73.8825,0,Unspecified
2021-04-15T00:00:00.000,BROOKLYN,40.633682,-73.89868,1,Unspecified
2021-04-14T00:00:00.000,BROOKLYN,40.698116,-73.977325,1,Failure to Yield Right-of-Way
2021-04-16T00:00:00.000,,40.84747,-73.89134,0,Reaction to Uninvolved Vehicle
2021-04-14T00:00:00.000,,40.8047,-73.91243,0,Unspecified
2021-04-16T00:00:00.000,,40.762676,-73.954346,0,Unsafe Lane Changing
2021-04-16T00:00:00.000,QUEENS,40.7158,-73.824486,0,Driver Inattention/Distraction
2021-04-15T00:00:00.000,MANHATTAN,40.75584,-73.99238,0,Unspecified
2021-09-11T00:00:00.000,BRONX,40.875942,-73.83304,0,Unspecified
2021-04-15T00:00:00.000,,40.772102,-73.763954,0,Following Too Closely
2021-04-14T00:00:00.000,BROOKLYN,40.681602,-73.95855,0,Driver Inexperience
2021-04-15T00:00:00.000,BROOKLYN,40.62677,-73.946884,1,Driver Inattention/Distraction
2021-04-14T00:00:00.000,,40.707493,-73.94153,1,Other Vehicular
2021-04-15T00:00:00.000,,40.8252,-73.867714,0,Passing or Lane Usage Improper
2021-04-12T00:00:00.000,BRONX,40.854115,-73.89091,0,Driver Inattention/Distraction
2021-04-16T00:00:00.000,,40.768875,-73.94898,1,Following Too Closely
2021-04-16T00:00:00.000,BROOKLYN,40.629707,-73.90486,0,Unspecified
2021-04-15T00:00:00.000,QUEENS,40.72654,-73.71589,1,Driver Inattention/Distraction
2021-04-15T00:00:00.000,STATEN ISLAND,40.634415,-74.08535,0,Unspecified
2021-09-11T00:00:00.000,,40.889362,-73.83446,0,Failure to Yield Right-of-Way
2021-04-15T00:00:00.000,,40.66937,-73.89523,0,Passing or Lane Usage Improper
2021-04-16T00:00:00.000,BRONX,40.89466,-73.86137,0,Driver Inattention/Distraction
2021-04-16T00:00:00.000,BROOKLYN,40.669067,-73.9878,0,Unspecified
2021-04-15T00:00:00.000,QUEENS,40.681484,-73.85049,1,Failure to Yield Right-of-Way
2021-04-14T00:00:00.000,BRONX,40.82433,-73.874374,0,Passing Too Closely
2021-04-14T00:00:00.000,,40.856606,-73.92841,0,Driver Inattention/Distraction
2021-04-08T00:00:00.000,BROOKLYN,40.65785,-73.91648,0,Unspecified
2021-04-14T00:00:00.000,,40.62764,-73.89022,0,Passing or Lane Usage Improper
2021-04-09T00:00:00.000,,40.58401,-73.98587,0,Following Too Closely
2021-04-14T00:00:00.000,BROOKLYN,40.71791,-73.95341,1,Turning Improperly
2021-04-15T00:00:00.000,,40.780437,-73.94989,0,Driver Inattention/Distraction
2021-04-14T00:00:00.000,QUEENS,40.73973,-73.70625,0,Unspecified
2021-04-05T00:00:00.000,MANHATTAN,40.7952,-73.94623,3,Passing Too Closely
2021-04-14T00:00:00.000,BROOKLYN,40.694794,-73.98246,1,Failure to Yield Right-of-Way
2021-04-16T00:00:00.000,BROOKLYN,40.614063,-74.01393,0,Unspecified
2021-07-08T00:00:00.000,BROOKLYN,40.715702,-73.95579,1,View Obstructed/Limited
2021-04-16T00:00:00.000,BROOKLYN,40.633152,-73.97762,0,Unspecified
2021-04-16T00:00:00.000,BROOKLYN,40.612736,-74.01172,1,Following Too Closely
2021-04-15T00:00:00.000,BROOKLYN,40.70166,-73.961464,2,Pavement Slippery
2021-04-14T00:00:00.000,MANHATTAN,40.80641,-73.94227,0,Unspecified
2021-04-14T00:00:00.000,MANHATTAN,40.762234,-73.98987,1,Driver Inattention/Distraction
2021-04-15T00:00:00.000,BRONX,40.863647,-73.8918,0,Unspecified
2021-04-15T00:00:00.000,BROOKLYN,40.576626,-73.98478,2,Driver Inattention/Distraction
2021-04-14T00:00:00.000,BROOKLYN,40.60118,-73.99098,0,Driver Inattention/Distraction
2021-04-14T00:00:00.000,BROOKLYN,40.64721,-74.01531,0,Unspecified
2021-04-15T00:00:00.000,,40.681145,-73.7923,0,Unsafe Speed
2021-04-15T00:00:00.000,BROOKLYN,40.57529,-73.97655,0,Backing Unsafely
2021-04-16T00:00:00.000,,40.786,-73.84574,0,Failure to Yield Right-of-Way
2021-04-15T00:00:00.000,BROOKLYN,40.601128,-73.997086,1,Pedestrian/Bicyclist/Other Pedestrian Error/Confusion
2021-04-15T00:00:00.000,,40.827923,-73.93483,0,Unsafe Lane Changing
2021-04-05T00:00:00.000,MANHATTAN,40.805824,-73.954636,0,Unspecified
2021-04-14T00:00:00.000,,40.642776,-74.02003,0,Passing or Lane Usage Improper
2021-04-14T00:00:00.000,,40.86674,-73.92873,1,Pavement Defective
2021-12-10T00:00:00.000,,40.571625,-74.11192,0,Backing Unsafely
2021-04-12T00:00:00.000,,40.678375,-73.9265,0,Other Lighting Defects
2021-04-14T00:00:00.000,,40.74209,-73.984985,1,Unspecified
2021-04-16T00:00:00.000,BRONX,40.81228,-73.90941,0,Unspecified
2021-04-16T00:00:00.000,,40.604195,-73.97218,0,Reaction to Uninvolved Vehicle
2021-04-11T00:00:00.000,BRONX,40.84383,-73.886375,0,Driver Inattention/Distraction
2021-04-16T00:00:00.000,,40.759163,-73.988396,1,Failure to Yield Right-of-Way
2021-04-15T00:00:00.000,BROOKLYN,40.652927,-73.959335,1,Unspecified
2021-04-14T00:00:00.000,BROOKLYN,40.69097,-73.94833,2,Following Too Closely
2021-04-16T00:00:00.000,,40.718864,-73.97483,0,Unspecified
2021-04-15T00:00:00.000,BROOKLYN,40.683174,-73.87389,0,Driver Inattention/Distraction
2021-04-15T00:00:00.000,QUEENS,40.749744,-73.884315,0,Passing or Lane Usage Improper
2021-04-16T00:00:00.000,MANHATTAN,40.738316,-73.98773,0,Unspecified
2021-04-08T00:00:00.000,BRONX,40.839382,-73.84531,0,Unspecified
2021-04-16T00:00:00.000,BROOKLYN,40.66806,-73.90394,0,Unspecified
2021-04-16T00:00:00.000,,40.74715,-73.985504,0,Driver Inattention/Distraction
2021-04-14T00:00:00.000,,40.663776,-73.889915,0,Driver Inattention/Distraction
2021-04-16T00:00:00.000,,40.843903,-73.927284,0,Unsafe Lane Changing
2021-04-14T00:00:00.000,,40.836296,-73.87369,2,Unspecified
2021-04-15T00:00:00.000,BROOKLYN,40.655285,-73.93658,2,Failure to Yield Right-of-Way
2021-04-09T00:00:00.000,BROOKLYN,40.70166,-73.961464,0,Driver Inattention/Distraction
2021-04-16T00:00:00.000,BROOKLYN,40.64606,-74.01648,1,Brakes Defective
2021-04-15T00:00:00.000,QUEENS,40.72119,-73.761185,1,Driver Inattention/Distraction
2021-04-15T00:00:00.000,QUEENS,40.708363,-73.87203,0,Driver Inattention/Distraction
2021-04-14T00:00:00.000,,40.674004,-73.81881,0,Traffic Control Disregarded
2021-04-14T00:00:00.000,,40.729176,-73.87898,2,Unspecified
2021-09-11T00:00:00.000,QUEENS,40.745766,-73.86421,0,Obstruction/Debris
2021-04-15T00:00:00.000,BRONX,40.86832,-73.83317,0,Oversized Vehicle
2021-04-14T00:00:00.000,QUEENS,40.598515,-73.766464,0,Animals Action
2021-03-20T00:00:00.000,BROOKLYN,40.695004,-73.9525,0,Passing Too Closely
2021-04-14T00:00:00.000,,40.72773,-73.90674,0,Unspecified
2021-04-16T00:00:00.000,QUEENS,40.704563,-73.91066,1,Driver Inattention/Distraction
2021-04-14T00:00:00.000,,40.66807,-73.80789,0,Failure to Yield Right-of-Way
2021-04-14T00:00:00.000,BROOKLYN,40.66944,-73.883995,1,Traffic Control Disregarded
2021-04-09T00:00:00.000,,40.684082,-73.90864,0,Passing Too Closely
2021-04-14T00:00:00.000,BROOKLYN,40.69349,-73.97917,1,Unspecified
2021-04-16T00:00:00.000,QUEENS,40.765266,-73.81517,0,Passing Too Closely
2021-04-14T00:00:00.000,,40.74613,-73.83605,0,Driver Inattention/Distraction
2021-04-15T00:00:00.000,MANHATTAN,40.74708,-73.98135,1,Driver Inattention/Distraction
2021-04-15T00:00:00.000,BRONX,40.87482,-73.877,1,Driver Inattention/Distraction
2021-04-14T00:00:00.000,QUEENS,40.70399,-73.85589,0,Failure to Yield Right-of-Way
2021-04-16T00:00:00.000,BROOKLYN,40.649788,-73.9622,0,Unspecified
2021-04-11T00:00:00.000,QUEENS,40.69507,-73.80114,0,Passing or Lane Usage Improper
2021-04-15T00:00:00.000,MANHATTAN,40.788673,-73.97136,0,Passing Too Closely
2021-04-15T00:00:00.000,,40.847897,-73.92499,0,Unspecified
2021-04-14T00:00:00.000,BROOKLYN,40.68896,-73.93326,1,Driver Inattention/Distraction
2021-04-13T00:00:00.000,,40.695377,-73.94921,0,Passing or Lane Usage Improper
2021-04-16T00:00:00.000,BRONX,40.880657,-73.877625,0,Passing or Lane Usage Improper
2021-04-16T00:00:00.000,,40.828114,-73.93107,0,Unsafe Lane Changing
2021-04-16T00:00:00.000,,40.781265,-73.97599,1,Driver Inattention/Distraction
2021-04-16T00:00:00.000,MANHATTAN,40.848736,-73.93234,0,Failure to Yield Right-of-Way
2021-04-15T00:00:00.000,BROOKLYN,40.65989,-73.90536,0,Unspecified
2021-04-16T00:00:00.000,,40.748436,-73.984566,1,Unsafe Lane Changing
2021-04-15T00:00:00.000,BROOKLYN,40.61033,-73.95932,1,Unsafe Lane Changing
2021-04-14T00:00:00.000,QUEENS,40.752556,-73.92972,0,Unspecified
2021-04-14T00:00:00.000,,40.829697,-73.91313,1,Failure to Yield Right-of-Way
2021-04-14T00:00:00.000,MANHATTAN,40.718826,-73.98424,0,Turning Improperly
2021-04-16T00:00:00.000,BROOKLYN,40.65241,-73.9264,0,Unspecified
2021-04-15T00:00:00.000,,40.852673,-73.919106,1,Following Too Closely
2021-04-16T00:00:00.000,,40.851555,-73.952446,0,Passing Too Closely
2021-04-16T00:00:00.000,,40.707928,-73.784294,0,Traffic Control Disregarded
2021-04-06T00:00:00.000,BRONX,40.891876,-73.8616,0,Outside Car Distraction
2021-04-15T00:00:00.000,QUEENS,40.58947,-73.80105,0,Unspecified
2021-04-01T00:00:00.000,MANHATTAN,40.74668,-73.9745,0,Turning Improperly
2021-04-14T00:00:00.000,BRONX,40.85814,-73.895744,0,Unspecified
2021-04-16T00:00:00.000,BROOKLYN,40.708626,-73.94513,0,Driver Inattention/Distraction
2021-04-14T00:00:00.000,QUEENS,40.73464,-73.87421,1,Reaction to Uninvolved Vehicle
2021-04-16T00:00:00.000,BROOKLYN,40.62855,-73.952835,0,Unspecified
2021-04-14T00:00:00.000,BROOKLYN,40.65563,-73.92596,2,Unspecified
2021-04-16T00:00:00.000,QUEENS,40.687046,-73.792114,0,Driver Inattention/Distraction
2021-04-14T00:00:00.000,QUEENS,40.70326,-73.86474,1,Driver Inattention/Distraction
2021-04-06T00:00:00.000,,0.0,0.0,1,Driver Inattention/Distraction
2021-04-14T00:00:00.000,BROOKLYN,40.633114,-73.94928,0,Driver Inattention/Distraction
2021-04-14T00:00:00.000,STATEN ISLAND,40.62046,-74.07641,0,Unspecified
2021-04-14T00:00:00.000,MANHATTAN,40.75964,-73.95817,0,Reaction to Uninvolved Vehicle
2021-04-13T00:00:00.000,,40.64254,-73.87652,2,Following Too Closely
2021-04-15T00:00:00.000,,40.783146,-73.97833,1,Passing Too Closely
2021-04-14T00:00:00.000,QUEENS,40.705452,-73.78149,6,Reaction to Uninvolved Vehicle
2021-04-15T00:00:00.000,,40.74425,-73.7334,0,Unspecified
2021-04-14T00:00:00.000,MANHATTAN,40.75348,-73.980896,0,Unsafe Lane Changing
2021-04-14T00:00:00.000,BRONX,40.84307,-73.848076,2,Unspecified
2021-04-15T00:00:00.000,BROOKLYN,40.620914,-73.9753,1,Illnes
2021-04-04T00:00:00.000,MANHATTAN,40.80889,-73.95581,0,Unsafe Speed
2021-04-15T00:00:00.000,MANHATTAN,40.78847,-73.968895,0,Driver Inattention/Distraction
2021-04-14T00:00:00.000,QUEENS,40.712776,-73.90601,1,Following Too Closely
2021-04-16T00:00:00.000,QUEENS,40.75868,-73.87552,0,Unsafe Speed
2021-04-16T00:00:00.000,QUEENS,40.74661,-73.86473,0,Alcohol Involvement
2021-04-16T00:00:00.000,BRONX,40.835705,-73.88875,0,Unsafe Speed
2021-03-28T00:00:00.000,BROOKLYN,40.688404,-73.93803,1,Unspecified
2021-04-12T00:00:00.000,QUEENS,40.781715,-73.823845,1,Failure to Yield Right-of-Way
2021-04-02T00:00:00.000,,40.730644,-73.97329,0,Unsafe Speed
2021-04-16T00:00:00.000,,40.75218,-73.85201,0,Following Too Closely
2021-04-16T00:00:00.000,BROOKLYN,40.731422,-73.94641,1,Failure to Yield Right-of-Way
2021-04-15T00:00:00.000,MANHATTAN,40.761234,-73.96389,0,Driver Inattention/Distraction
2021-04-10T00:00:00.000,BROOKLYN,40.668976,-73.90668,0,Unspecified
2021-04-15T00:00:00.000,BROOKLYN,40.637276,-73.93177,0,Unspecified
2021-04-11T00:00:00.000,,40.788685,-73.94386,0,Driver Inattention/Distraction
2021-04-16T00:00:00.000,,40.87356,-73.81853,0,Passing or Lane Usage Improper
2021-04-14T00:00:00.000,MANHATTAN,40.795006,-73.9485,1,Driver Inattention/Distraction
2021-04-15T00:00:00.000,,40.820095,-73.955086,1,Unspecified
2021-04-14T00:00:00.000,,40.594334,-73.990944,1,Driver Inattention/Distraction
2021-04-14T00:00:00.000,,40.666306,-73.79171,0,Unsafe Speed
2021-04-14T00:00:00.000,BROOKLYN,40.673008,-73.97851,0,Passing or Lane Usage Improper
2021-04-14T00:00:00.000,,40.583626,-73.98407,0,Unsafe Speed
2021-04-14T00:00:00.000,BRONX,40.874474,-73.90031,0,Unspecified
2021-04-14T00:00:00.000,BROOKLYN,40.633995,-73.98138,1,Unspecified
2021-04-14T00:00:00.000,,40.772327,-73.94531,1,Unspecified
2021-04-15T00:00:00.000,BROOKLYN,40.704937,-73.94932,0,Other Vehicular
2021-04-14T00:00:00.000,BROOKLYN,40.653873,-74.008156,1,Reaction to Uninvolved Vehicle
2021-04-08T00:00:00.000,,40.677917,-73.93861,1,Following Too Closely
2021-04-14T00:00:00.000,BROOKLYN,40.59857,-73.9689,0,Unspecified
2021-04-14T00:00:00.000,,40.809563,-73.92923,0,Unspecified
2021-04-16T00:00:00.000,BROOKLYN,40.68836,-73.96444,1,Unspecified
2021-04-14T00:00:00.000,BROOKLYN,40.666737,-73.90224,0,Failure to Yield Right-of-Way
2021-04-14T00:00:00.000,QUEENS,40.713173,-73.90076,1,Unspecified
2021-04-15T00:00:00.000,QUEENS,40.73006,-73.710754,0,Unspecified
2021-04-13T00:00:00.000,BROOKLYN,40.652317,-73.92752,0,Driver Inattention/Distraction
2021-04-15T00:00:00.000,,40.76122,-73.93056,1,Unspecified
2021-04-12T00:00:00.000,,40.588722,-73.960464,0,Failure to Yield Right-of-Way
2021-04-14T00:00:00.000,,40.643456,-73.972725,0,Unspecified
2021-04-12T00:00:00.000,BRONX,40.865532,-73.86238,0,Other Vehicular
2021-04-16T00:00:00.000,,40.67612,-73.936005,1,Unspecified
2021-04-15T00:00:00.000,,40.620663,-74.1524,1,Unsafe Lane Changing
2021-04-15T00:00:00.000,QUEENS,40.72166,-73.888664,0,Failure to Yield Right-of-Way
2021-04-14T00:00:00.000,QUEENS,40.733723,-73.72516,0,Unspecified
2021-04-14T00:00:00.000,,40.745686,-73.97213,0,Driver Inattention/Distraction
2021-04-14T00:00:00.000,BRONX,40.875294,-73.9088,0,Unspecified
2021-04-15T00:00:00.000,BRONX,40.803555,-73.91184,1,Unspecified
2021-04-15T00:00:00.000,,40.7605,-73.95699,0,Pavement Slippery
2021-04-16T00:00:00.000,,40.661995,-73.91959,0,Unspecified
2021-04-16T00:00:00.000,BROOKLYN,40.69045,-73.959435,0,Passing Too Closely
2021-04-16T00:00:00.000,BROOKLYN,40.658672,-73.90019,1,Unspecified
2021-04-15T00:00:00.000,,40.711227,-73.72826,0,Unspecified
2021-04-14T00:00:00.000,BROOKLYN,40.700485,-73.93637,1,Following Too Closely
2021-04-14T00:00:00.000,BRONX,40.816555,-73.91755,0,Turning Improperly
2021-04-15T00:00:00.000,,40.861862,-73.91282,0,Traffic Control Disregarded
2021-04-14T00:00:00.000,BRONX,40.875793,-73.85465,0,Other Vehicular
2021-04-16T00:00:00.000,QUEENS,40.68657,-73.776146,0,Unspecified
2021-04-14T00:00:00.000,BROOKLYN,40.654705,-74.00731,0,Unspecified
2021-04-14T00:00:00.000,BROOKLYN,40.637054,-73.98643,1,Unspecified
2021-04-16T00:00:00.000,,40.6191,-74.159615,0,Driver Inattention/Distraction
2021-04-14T00:00:00.000,,40.734566,-73.72269,0,Driver Inattention/Distraction
2021-04-13T00:00:00.000,BROOKLYN,40.714912,-73.94784,1,Following Too Closely
2021-04-14T00:00:00.000,QUEENS,40.74734,-73.88673,0,Pedestrian/Bicyclist/Other Pedestrian Error/Confusion
2021-04-16T00:00:00.000,BROOKLYN,40.6963,-73.97545,0,Driver Inattention/Distraction
2021-04-16T00:00:00.000,BROOKLYN,40.63598,-73.915146,1,Unspecified
2021-04-14T00:00:00.000,QUEENS,40.724358,-73.742516,1,Traffic Control Disregarded
2016-04-16T00:00:00.000,BROOKLYN,40.586277,-73.9862,0,Driver Inattention/Distraction
2021-04-16T00:00:00.000,,40.671932,-73.85165,0,Unsafe Lane Changing
2021-04-10T00:00:00.000,BROOKLYN,40.650703,-73.920586,0,Driver Inattention/Distraction
2021-04-16T00:00:00.000,STATEN ISLAND,40.61378,-74.07225,0,Passing Too Closely
2021-04-15T00:00:00.000,QUEENS,40.727375,-73.90313,0,Unsafe Speed
2021-04-14T00:00:00.000,STATEN ISLAND,40.573204,-74.09711,0,Traffic Control Disregarded
2021-04-15T00:00:00.000,,40.671604,-73.86907,0,Unspecified
2021-04-15T00:00:00.000,QUEENS,40.740276,-73.92782,0,Driver Inattention/Distraction
2021-04-06T00:00:00.000,BROOKLYN,40.684,-73.95031,0,Passing Too Closely
2021-04-15T00:00:00.000,,40.704494,-73.81743,1,Following Too Closely
2021-04-16T00:00:00.000,,40.845642,-73.90211,0,Unsafe Lane Changing
2021-04-15T00:00:00.000,,40.82681,-73.85361,0,Following Too Closely
2021-04-06T00:00:00.000,BROOKLYN,40.681168,-73.92941,0,Passing Too Closely
2021-04-09T00:00:00.000,BROOKLYN,40.64739,-73.92314,0,Unspecified
2021-04-15T00:00:00.000,,40.687138,-73.75136,1,Failure to Yield Right-of-Way
2021-04-15T00:00:00.000,,40.865143,-73.87204,0,Unspecified
2021-04-14T00:00:00.000,,40.866673,-73.90896,2,Driver Inattention/Distraction
2021-04-10T00:00:00.000,QUEENS,40.72313,-73.90614,0,Unspecified
2021-04-15T00:00:00.000,,40.674934,-73.80186,0,Unspecified
2021-04-15T00:00:00.000,BROOKLYN,40.708363,-73.92401,0,Driver Inattention/Distraction
2021-04-16T00:00:00.000,QUEENS,40.739525,-73.92512,0,Driver Inattention/Distraction
2021-04-14T00:00:00.000,,40.637997,-74.02136,2,Unspecified
2021-04-14T00:00:00.000,,40.750965,-73.94027,1,Driver Inattention/Distraction
2020-04-15T00:00:00.000,,40.671585,-73.99843,0,Driver Inattention/Distraction
2021-04-15T00:00:00.000,QUEENS,40.694294,-73.74868,3,Unspecified
2021-04-08T00:00:00.000,,40.810173,-73.95117,1,Pedestrian/Bicyclist/Other Pedestrian Error/Confusion
2021-04-16T00:00:00.000,QUEENS,40.694748,-73.73427,1,Driver Inattention/Distraction
2021-04-14T00:00:00.000,,40.687103,-73.89251,0,Driverless/Runaway Vehicle
2021-04-14T00:00:00.000,BROOKLYN,0.0,0.0,0,Driver Inattention/Distraction
2021-04-14T00:00:00.000,,40.861744,-73.911804,0,Unsafe Speed
2021-04-15T00:00:00.000,,40.741074,-73.7258,0,Unspecified
2021-04-13T00:00:00.000,QUEENS,40.67875,-73.794,1,Traffic Control Disregarded
2021-04-14T00:00:00.000,BROOKLYN,40.666943,-73.890144,0,Driver Inattention/Distraction
2021-04-16T00:00:00.000,BROOKLYN,40.6635,-73.94276,0,Unspecified
2021-07-09T00:00:00.000,BRONX,40.850304,-73.85137,1,Failure to Yield Right-of-Way
2021-04-16T00:00:00.000,BRONX,40.827824,-73.91934,1,Failure to Yield Right-of-Way
2021-04-15T00:00:00.000,STATEN ISLAND,40.575832,-74.12409,1,Driver Inexperience
2021-04-14T00:00:00.000,,40.730366,-73.91388,0,Unspecified
2021-04-15T00:00:00.000,BROOKLYN,40.640945,-73.94852,0,Unspecified
2021-04-15T00:00:00.000,,40.784237,-73.947075,0,Driver Inattention/Distraction
2021-04-15T00:00:00.000,QUEENS,40.76803,-73.87722,1,Failure to Yield Right-of-Way
2021-04-14T00:00:00.000,BROOKLYN,40.669823,-73.90981,0,Unspecified
2021-04-10T00:00:00.000,,40.659336,-73.92726,0,Driver Inattention/Distraction
2021-04-16T00:00:00.000,,40.616093,-74.14523,1,Driver Inattention/Distraction
2021-04-16T00:00:00.000,QUEENS,40.763546,-73.88209,0,Turning Improperly
2021-04-15T00:00:00.000,BROOKLYN,40.637234,-73.97266,0,Unspecified
2021-04-15T00:00:00.000,,40.62614,-74.14276,0,Driver Inattention/Distraction
2021-04-16T00:00:00.000,BROOKLYN,40.638313,-73.95751,0,Unspecified
2021-04-16T00:00:00.000,BROOKLYN,40.651352,-73.89275,2,Unsafe Speed
2021-04-15T00:00:00.000,QUEENS,40.696564,-73.79125,1,Aggressive Driving/Road Rage
2021-04-15T00:00:00.000,MANHATTAN,40.72728,-73.97906,0,Unspecified
2021-04-16T00:00:00.000,BROOKLYN,40.67816,-73.897484,0,Passing or Lane Usage Improper
2021-04-13T00:00:00.000,BRONX,40.905174,-73.85417,2,Failure to Yield Right-of-Way
2021-09-11T00:00:00.000,BRONX,40.810387,-73.91521,1,Failure to Yield Right-of-Way
2021-04-14T00:00:00.000,MANHATTAN,40.754044,-73.990074,0,Driver Inattention/Distraction
2021-04-14T00:00:00.000,,40.755234,-73.941246,1,Passing or Lane Usage Improper
2021-04-10T00:00:00.000,BROOKLYN,40.708675,-73.93699,0,Driver Inattention/Distraction
2021-04-16T00:00:00.000,BROOKLYN,40.65103,-73.93032,0,Traffic Control Disregarded
2021-04-14T00:00:00.000,BROOKLYN,40.645985,-74.00723,0,Passing Too Closely
2021-04-15T00:00:00.000,QUEENS,40.794773,-73.816185,2,Failure to Yield Right-of-Way
2021-04-16T00:00:00.000,MANHATTAN,40.845467,-73.940475,0,Driver Inattention/Distraction
2021-04-16T00:00:00.000,,40.643875,-74.01887,0,Unspecified
2021-04-14T00:00:00.000,QUEENS,40.658947,-73.73472,0,Following Too Closely
2021-04-15T00:00:00.000,,40.69168,-73.999344,0,Following Too Closely
2021-04-15T00:00:00.000,BROOKLYN,40.59727,-73.99868,0,Driver Inattention/Distraction
2021-04-14T00:00:00.000,BRONX,40.878155,-73.84005,0,Traffic Control Disregarded
2021-04-02T00:00:00.000,BROOKLYN,40.696983,-73.935234,1,Unspecified
2021-04-14T00:00:00.000,BRONX,40.821075,-73.882126,0,Unspecified
2021-04-14T00:00:00.000,BRONX,40.88765,-73.84167,0,Unspecified
2021-04-14T00:00:00.000,QUEENS,40.687843,-73.82005,0,Passing or Lane Usage Improper
2021-04-14T00:00:00.000,BROOKLYN,40.673252,-73.87773,2,Driver Inattention/Distraction
2021-04-14T00:00:00.000,BROOKLYN,40.6699,-73.95116,0,Unspecified
2021-04-16T00:00:00.000,,40.667683,-73.99608,2,Following Too Closely
2021-04-14T00:00:00.000,BROOKLYN,40.63529,-73.958206,0,Unspecified
2021-04-13T00:00:00.000,BROOKLYN,40.71772,-73.96202,0,Unspecified
2021-04-16T00:00:00.000,,40.857605,-73.93778,4,Other Vehicular
2021-04-16T00:00:00.000,,40.7491,-73.984085,0,Traffic Control Disregarded
2021-04-15T00:00:00.000,QUEENS,40.71493,-73.79316,1,Driver Inattention/Distraction
2021-04-16T00:00:00.000,,40.721985,-73.98552,0,Passing Too Closely
2021-09-08T00:00:00.000,,40.5843,-74.16492,0,Failure to Yield Right-of-Way
2021-04-16T00:00:00.000,,40.67983,-73.9583,0,Backing Unsafely
2021-04-15T00:00:00.000,BROOKLYN,40.730198,-73.954254,0,Driver Inattention/Distraction
2021-04-15T00:00:00.000,,40.821117,-73.957466,0,Unspecified
2021-04-14T00:00:00.000,,40.849167,-73.92393,0,Unsafe Speed
2021-04-13T00:00:00.000,,40.579826,-73.97622,0,Driver Inattention/Distraction
2021-04-15T00:00:00.000,BROOKLYN,40.681335,-73.97667,1,Other Vehicular
2021-04-15T00:00:00.000,,40.756725,-73.96,0,Reaction to Uninvolved Vehicle
2021-04-14T00:00:00.000,QUEENS,40.756557,-73.87594,0,Alcohol Involvement
2021-04-15T00:00:00.000,BROOKLYN,40.67792,-73.9182,0,Driver Inattention/Distraction
2021-04-14T00:00:00.000,BROOKLYN,40.607876,-73.92554,0,Turning Improperly
2021-04-16T00:00:00.000,,40.607643,-74.03375,0,Following Too Closely
2021-04-15T00:00:00.000,STATEN ISLAND,40.540188,-74.149,0,Passing or Lane Usage Improper
2021-04-15T00:00:00.000,BROOKLYN,40.616306,-74.03348,0,Driver Inattention/Distraction
2021-04-13T00:00:00.000,,40.583874,-73.823044,1,Turning Improperly
2021-04-14T00:00:00.000,BRONX,40.877827,-73.879585,0,Unsafe Lane Changing
2021-04-14T00:00:00.000,,40.714554,-73.83147,1,Following Too Closely
2021-04-15T00:00:00.000,,40.763668,-73.82303,0,Passing or Lane Usage Improper
2021-04-16T00:00:00.000,,40.705246,-73.95908,0,Driver Inattention/Distraction
2021-04-15T00:00:00.000,QUEENS,40.77451,-73.838036,0,Following Too Closely
2021-09-09T00:00:00.000,MANHATTAN,40.768482,-73.95255,1,Driver Inattention/Distraction
2021-04-08T00:00:00.000,MANHATTAN,40.797405,-73.942535,0,Driver Inattention/Distraction
2021-04-01T00:00:00.000,MANHATTAN,40.74058,-73.978935,0,Driver Inattention/Distraction
2021-04-14T00:00:00.000,BRONX,40.829723,-73.8981,1,Unspecified
2021-04-05T00:00:00.000,QUEENS,40.7406,-73.81025,1,Backing Unsafely
2021-04-16T00:00:00.000,QUEENS,40.71363,-73.917885,0,Backing Unsafely
2021-04-15T00:00:00.000,BROOKLYN,40.647594,-73.97351,1,Unspecified
2021-08-28T00:00:00.000,,40.760403,-73.98748,0,Unspecified
2021-04-10T00:00:00.000,MANHATTAN,40.71975,-73.992165,1,Driver Inattention/Distraction
2021-04-13T00:00:00.000,,40.834503,-73.93037,0,Unspecified
2021-04-15T00:00:00.000,STATEN ISLAND,40.63115,-74.076454,1,Failure to Yield Right-of-Way
2021-04-10T00:00:00.000,,40.835724,-73.92129,0,Following Too Closely
2021-04-15T00:00:00.000,STATEN ISLAND,40.6354,-74.106674,0,Unspecified
2021-04-07T00:00:00.000,QUEENS,40.781647,-73.833664,0,Driver Inattention/Distraction
2021-04-14T00:00:00.000,BROOKLYN,40.68837,-73.98056,3,Driver Inattention/Distraction
2021-04-16T00:00:00.000,MANHATTAN,40.790417,-73.95184,0,Other Vehicular
2021-04-15T00:00:00.000,BROOKLYN,40.6481,-73.91474,0,Driver Inattention/Distraction
2021-04-16T00:00:00.000,QUEENS,40.71275,-73.7673,0,Driver Inattention/Distraction
2021-04-14T00:00:00.000,,40.60069,-74.010056,0,Traffic Control Disregarded
2021-04-14T00:00:00.000,QUEENS,40.738068,-73.861046,0,Driver Inattention/Distraction
2021-04-15T00:00:00.000,QUEENS,40.680496,-73.821365,0,Passing Too Closely
2021-04-16T00:00:00.000,BROOKLYN,40.61924,-73.954124,0,Failure to Yield Right-of-Way
2021-04-16T00:00:00.000,BROOKLYN,40.629105,-74.034645,0,Unspecified
2021-04-14T00:00:00.000,BROOKLYN,40.699818,-73.920135,0,Passing Too Closely
2021-04-14T00:00:00.000,QUEENS,40.69802,-73.7623,1,Driver Inattention/Distraction
2021-04-16T00:00:00.000,BROOKLYN,40.62893,-73.971375,0,Unspecified
2021-04-16T00:00:00.000,MANHATTAN,40.831177,-73.942085,0,Driver Inattention/Distraction
2021-04-02T00:00:00.000,BROOKLYN,40.675037,-73.930534,0,Passing or Lane Usage Improper
2021-04-14T00:00:00.000,BROOKLYN,40.64884,-73.95102,0,Driver Inattention/Distraction
2021-09-11T00:00:00.000,QUEENS,40.757725,-73.779274,0,Driver Inattention/Distraction
2021-04-15T00:00:00.000,MANHATTAN,40.766586,-73.9531,0,Passing Too Closely
2021-04-14T00:00:00.000,BRONX,40.833126,-73.828285,0,Unspecified
2021-04-10T00:00:00.000,BRONX,40.834675,-73.930275,4,Following Too Closely
